customer_id,first_name,last_name,full_name,dob,email,phone,address,national_id,country,source_name,raw_text,sex,record_updated,Gender,Account Type,Account Balance,Registration Date,Male,Savings,91666.17,2020-01-16,last_update,timestamp,gender_code,last_modified,modified_date
19148b7d-1388-497a-bb9d-509764a4fcde,Matthew,Larsen,Matthew Larsen,,malonekevin@yahoo.com,+1-767-935-0250x74038,"125 Robert Ways Suite 051
Castilloport, DC 34598",,,bank_customers_without_schema,,,,,,,,,Checking,,,,,,,
f626ccd4-913d-4681-9550-e894b97ab414,Jeffrey,Jordan,Jeffrey Jordan,,abigail65@burns.com,+1-914-280-8366x3285,"7505 Johnson Lane Suite 612
Elizabethfort, AK 45839",,,bank_customers_without_schema,,,,,,,,,Checking,,,,,,,
68ba15e1-2de2-4305-83a9-367410d9021e,Charles,Wilson,Charles Wilson,,markmcdonald@edwards.com,621.990.8111x5048,"4684 Jeff Track
Lauramouth, NE 67485",,,bank_customers_without_schema,,,,,,,,,Checking,,,,,,,
c98cd723-0083-4089-933c-b2fd1e68a03f,Ruth,Smith,Ruth Smith,,mporter@white-rhodes.com,001-871-474-2034x9015,"36572 Cynthia Flat Apt. 227
Thompsonton, DE 15602",,,bank_customers_without_schema,,,,,,,,,Savings,,,,,,,
aa7f8dc8-8966-4600-b8c2-8201c6e35cce,Joshua,Johns,Joshua Johns,,kbush@noble.biz,027.174.7744x073,"52857 Watson Trace Apt. 393
East Nicole, CT 06579",,,bank_customers_without_schema,,,,,,,,,Savings,,,,,,,
fdfb9f7e-18f6-49f5-b20d-41270228fac5,Nathan,Shaffer,Nathan Shaffer,,cfreeman@key.info,(799)024-0572x23999,"630 Craig Place
Elizabethtown, NM 36277",,,bank_customers_without_schema,,,,,,,,,Checking,,,,,,,
1fcb4471-89a9-4086-9886-edf403abae99,Deborah,White,Deborah White,,xdavis@george.biz,4535313068,"3484 Jackson Bypass Suite 188
Susanview, MO 80848",,,bank_customers_without_schema,,,,,,,,,Savings,,,,,,,
e60d8543-17d4-4d79-a777-0fba7924ce3e,William,King,William King,,colemankimberly@fisher.net,+1-033-630-8864x064,"304 Kelly Glens
West Emilyborough, NY 91360",,,bank_customers_without_schema,,,,,,,,,Savings,,,,,,,
c8e577d3-fb67-4364-956f-202330b6bc74,Mark,Brown,Mark Brown,,amanda12@mitchell.info,590-094-0827x8860,"83149 Samantha Junction Suite 597
New Emily, AL 48598",,,bank_customers_without_schema,,,,,,,,,Checking,,,,,,,
936cce70-f0d5-4e6e-b331-758d5a016c69,Alexis,Knight,Alexis Knight,,samantha31@scott-west.org,001-099-418-7407x16931,"861 Aaron Road Suite 555
Port Becky, HI 71157",,,bank_customers_without_schema,,,,,,,,,Checking,,,,,,,
89a13e1c-61d3-46eb-a412-a13b44a47c0a,Andrew,Duarte,Andrew Duarte,,richard36@russell.com,858-286-1802x86565,"Unit 5530 Box 5232
DPO AE 12357",,,bank_customers_without_schema,,,,,,,,,Checking,,,,,,,
6aea7c08-687e-4ade-b2e2-7cc3be93405f,Mrs.,Lisa May MD,Mrs. Lisa May MD,,ihall@gmail.com,646.739.0700,"346 Christine Parkway
New Jonathan, PA 18612",,,bank_customers_without_schema,,,,,,,,,Savings,,,,,,,
9f813a18-17d0-45f5-a006-374ac35f7232,Daniel,Ruiz,Daniel Ruiz,,kgriffith@gmail.com,1920852433,"USS Griffin
FPO AA 89814",,,bank_customers_without_schema,,,,,,,,,Savings,,,,,,,
9b1654dd-456d-4d82-89c9-70508253ea6a,Phillip,Smith,Phillip Smith,,steven81@hughes.net,(851)482-1567x74895,"416 Gabriella Lodge
Lake Iantown, PA 85175",,,bank_customers_without_schema,,,,,,,,,Savings,,,,,,,
fac34689-b6cd-44f2-a48b-0026792a453b,Kevin,Smith,Kevin Smith,,samantha45@gmail.com,2581542601,"09699 Castillo Ports Apt. 789
Port Christopher, NJ 83582",,,bank_customers_without_schema,,,,,,,,,Savings,,,,,,,
bae781c3-8d5f-4291-92bd-d6627f16d0eb,Amanda,Brewer,Amanda Brewer,,stevenrodriguez@gmail.com,001-130-163-3133x413,"932 Pamela Branch Apt. 760
New Daniel, SC 16500",,,bank_customers_without_schema,,,,,,,,,Savings,,,,,,,
deddaec7-98ce-4b96-9f61-cea8025b8f67,Craig,Nelson,Craig Nelson,,terribarry@hotmail.com,(163)789-7348x894,"081 Barber Keys
Port Leah, MI 65729",,,bank_customers_without_schema,,,,,,,,,Savings,,,,,,,
6b904668-c58d-444c-80ee-9ba34c65ce5f,Brittany,Cisneros,Brittany Cisneros,,pooleedwin@hotmail.com,+1-785-536-1050x9729,"3289 Kathleen Valley
East Michelle, CT 49846",,,bank_customers_without_schema,,,,,,,,,Checking,,,,,,,
4866d96c-0fd1-4fa4-be61-3df0d372b109,Bryan,Hamilton,Bryan Hamilton,,gary45@gmail.com,+1-612-812-5685x1049,"USCGC Norman
FPO AP 25912",,,bank_customers_without_schema,,,,,,,,,Savings,,,,,,,
518de45a-c1b1-4ab4-b4ed-bc2596134a3d,Mr.,Kenneth Peterson,Mr. Kenneth Peterson,,villegasjohn@yahoo.com,753-034-5704,"97224 Jacqueline Station
South Amber, IN 29483",,,bank_customers_without_schema,,,,,,,,,Savings,,,,,,,
5c6606b9-d988-4cce-b197-8423f6cbd61d,Cory,Todd,Cory Todd,,thomas23@sullivan.com,565.734.5145,"595 Michelle Row Suite 622
North Marthaberg, OH 81014",,,bank_customers_without_schema,,,,,,,,,Checking,,,,,,,
1ee25c9c-6ab5-4b63-9765-a36d324ff7e8,Garrett,Vaughn,Garrett Vaughn,,honeal@garcia-howard.com,160.673.5710,"8129 Jacob Ville Suite 321
Port Monique, NH 29760",,,bank_customers_without_schema,,,,,,,,,Checking,,,,,,,
7a21d107-0a6e-4bdd-8f3e-ce4c174f235b,Jeanne,Anderson,Jeanne Anderson,,jacquelinerowe@stewart-jones.net,(067)479-5061x7931,"741 Shirley River Apt. 439
Ellisport, AL 71849",,,bank_customers_without_schema,,,,,,,,,Savings,,,,,,,
a604be1d-0243-4037-81f4-7da8e9a2dbf5,Carlos,Anthony,Carlos Anthony,,katie68@buck.com,+1-788-284-0263x0172,"271 Cox Corner Suite 939
Coffeychester, OH 22766",,,bank_customers_without_schema,,,,,,,,,Savings,,,,,,,
fdf993de-c641-4844-946f-9f064ba4c417,Jennifer,Hatfield,Jennifer Hatfield,,rodriguezjason@hotmail.com,560-477-8985x868,"21410 Vasquez Isle Apt. 201
Lake Kimberly, KS 02062",,,bank_customers_without_schema,,,,,,,,,Savings,,,,,,,
768eb553-4160-41fa-9c26-e8f7346a1a34,Raymond,Valencia,Raymond Valencia,,tylerperry@lutz-rodriguez.com,(352)064-9258x087,"22998 Davis Trafficway
West Carlahaven, LA 74172",,,bank_customers_without_schema,,,,,,,,,Checking,,,,,,,
a6e86c7e-7d3a-49c7-a780-fa9d52e1d0ae,Thomas,Owens,Thomas Owens,,robert91@harmon-vargas.com,567-110-6287x081,"006 Bond Path Suite 003
Ronniechester, DE 21206",,,bank_customers_without_schema,,,,,,,,,Savings,,,,,,,
33617605-b553-44f0-a83a-9515a13b81f4,Isaac,Jones,Isaac Jones,,rojasstephanie@gmail.com,159.987.8038x2719,"085 Hill Passage Suite 810
North Jonathan, TX 12537",,,bank_customers_without_schema,,,,,,,,,Checking,,,,,,,
50536dc8-f146-4ac1-b8c8-0de0bfbfd4b7,Jeffrey,Holmes,Jeffrey Holmes,,sjohnson@hotmail.com,177-807-9279,"39513 Ashley Estate
Kevinville, AZ 91683",,,bank_customers_without_schema,,,,,,,,,Savings,,,,,,,
cc886e44-d51f-4935-b284-7ad578fee8b8,Melinda,Moore,Melinda Moore,,chapmanrobert@richardson-lawson.com,(314)285-2458,"1984 Ricky Radial Suite 841
Andersonberg, RI 24014",,,bank_customers_without_schema,,,,,,,,,Checking,,,,,,,
b7c0f66b-0ed8-4565-9163-5549dae92fe8,Mary,Brown,Mary Brown,,gregory78@yahoo.com,392-014-5552x8746,"6394 Pacheco Harbor
New Johnmouth, TN 10539",,,bank_customers_without_schema,,,,,,,,,Savings,,,,,,,
30b706cd-3dc3-4253-ac15-0230cbf6dbe5,Matthew,Brown,Matthew Brown,,alexander72@berg-stokes.info,+1-648-024-1347x44536,"321 Davis Flats Apt. 380
Jasonmouth, OK 63023",,,bank_customers_without_schema,,,,,,,,,Savings,,,,,,,
c77cc79e-58d8-4681-a91e-6a68c33fccb6,Mrs.,Caroline White MD,Mrs. Caroline White MD,,salasjennifer@gmail.com,001-612-805-5134,"71335 Michael Islands
Dunnton, AK 50292",,,bank_customers_without_schema,,,,,,,,,Savings,,,,,,,
a0812684-c4d6-46d7-aa39-8aeb5654df41,Christopher,Rivera,Christopher Rivera,,wendyford@larson.biz,(216)932-9169x1964,"246 Sanders Ford
East Laurenside, IN 44650",,,bank_customers_without_schema,,,,,,,,,Checking,,,,,,,
85c34635-dc6c-4dc2-813c-daa5a58e6ed9,John,Ruiz,John Ruiz,,bryan45@gmail.com,0646294070,"65338 Nicole Causeway Suite 220
Wongview, NV 30832",,,bank_customers_without_schema,,,,,,,,,Savings,,,,,,,
78992a3f-d4ca-479c-afde-4485c47992da,Vanessa,Smith,Vanessa Smith,,james89@coleman.com,974.947.9922x13899,"47791 Jay Camp
Nelsonhaven, NY 74425",,,bank_customers_without_schema,,,,,,,,,Savings,,,,,,,
b5182194-1c67-4846-bc45-d48eb553db07,Luis,Mckenzie,Luis Mckenzie,,coreythompson@lang-fields.com,(562)221-7515x7336,"6907 Marissa Drive
Mathisstad, IA 16816",,,bank_customers_without_schema,,,,,,,,,Checking,,,,,,,
a63fca11-c007-4345-9bc2-1414b67dd6fe,Brenda,Holmes,Brenda Holmes,,robertmartin@hotmail.com,1379833843,"830 George Crescent
West Evelynton, SC 26122",,,bank_customers_without_schema,,,,,,,,,Checking,,,,,,,
25e394f5-dae8-40f4-a3ed-ec6b918b078c,Diane,Palmer,Diane Palmer,,daniel60@weber-gilbert.com,4031253305,"277 Yu Meadows Apt. 949
Donaldfort, ID 49657",,,bank_customers_without_schema,,,,,,,,,Checking,,,,,,,
8cbd0b2c-664c-4aff-987e-a8e5a8280393,Daniel,Gordon,Daniel Gordon,,phansen@hernandez.com,001-910-492-9931x3293,"43476 Powell Fork Suite 824
Christopherberg, IN 25718",,,bank_customers_without_schema,,,,,,,,,Checking,,,,,,,
60f9bc82-a316-4610-9f4a-c13e5abfea7a,Teresa,Sweeney,Teresa Sweeney,,vcortez@thompson-torres.info,508-412-2594x289,"1424 Dean Radial Apt. 332
Smithville, DE 44752",,,bank_customers_without_schema,,,,,,,,,Savings,,,,,,,
99d2a3b1-1b92-4d95-b0f2-1f9949e8fa24,Tonya,Short,Tonya Short,,stephaniebrooks@vargas.org,001-677-237-8783,"7174 Chase Prairie
Brownside, CO 53903",,,bank_customers_without_schema,,,,,,,,,Checking,,,,,,,
04b60ea6-73ef-44f2-a331-e51e9ce0d092,Terri,Webb,Terri Webb,,jeanette72@yahoo.com,(546)663-6188x8233,"00077 Lee Prairie Suite 669
Soniamouth, MS 32237",,,bank_customers_without_schema,,,,,,,,,Checking,,,,,,,
66b5ad5e-e0b8-4b5b-bd23-a1268fd57c40,Leah,Robinson,Leah Robinson,,ramirezrobert@taylor-murphy.com,001-595-432-6974,"871 Aaron Village Suite 683
Hillborough, OH 06546",,,bank_customers_without_schema,,,,,,,,,Checking,,,,,,,
f7305a51-aad0-4df7-a414-2f46de659457,Eric,Williams,Eric Williams,,zhangdennis@yahoo.com,585.814.6172x1740,"297 Bender Hills
Scottstad, IN 92275",,,bank_customers_without_schema,,,,,,,,,Savings,,,,,,,
9416ae10-836a-4130-a053-c47664d29bbc,David,Campbell,David Campbell,,richarddavenport@rogers.com,+1-869-414-2680x3045,"6427 Brown Key Apt. 475
Port Paulmouth, MA 16872",,,bank_customers_without_schema,,,,,,,,,Savings,,,,,,,
046122b9-c24e-4464-b087-1a12b4118eb2,Cynthia,Rivera,Cynthia Rivera,,molinajoan@gray.org,464.573.9025x31353,"3422 Taylor Well Suite 426
New Laurie, NJ 26199",,,bank_customers_without_schema,,,,,,,,,Savings,,,,,,,
f96e1a55-8292-47f1-82d7-63fb7aec751b,Mitchell,Gutierrez,Mitchell Gutierrez,,christopherli@smith.com,2776859167,"95793 Meadows Walks
Deanside, VT 80369",,,bank_customers_without_schema,,,,,,,,,Checking,,,,,,,
5552b487-d6c8-4066-ac39-e8b3ec080147,Tiffany,Chavez,Tiffany Chavez,,nicoleterrell@cross.net,001-287-477-7486,"232 Joseph Mills
Courtneystad, MT 19133",,,bank_customers_without_schema,,,,,,,,,Checking,,,,,,,
c0f14833-85b4-402b-be37-2a6251b26a1f,Spencer,White,Spencer White,,higginsangela@hotmail.com,001-883-323-9884x59226,"441 Melissa River
Hamiltonbury, IA 25412",,,bank_customers_without_schema,,,,,,,,,Savings,,,,,,,
de8e2bdc-d459-4b6b-9168-cf6f95370151,Rebecca,Roberson,Rebecca Roberson,,johnsonshannon@barton.net,6073867751,"4913 Mayo Mews Apt. 182
Nicholetown, NE 54283",,,bank_customers_without_schema,,,,,,,,,Savings,,,,,,,
50041917-6b74-4d40-9315-f527f0c33df9,Jon,Elliott,Jon Elliott,,jrichmond@yahoo.com,+1-423-649-2804x6931,"607 Jason Field Apt. 767
Shelleyton, RI 04210",,,bank_customers_without_schema,,,,,,,,,Savings,,,,,,,
cddbff38-fe87-4a84-b523-788e4279e9ac,Danielle,Webb,Danielle Webb,,ryan86@yahoo.com,001-725-073-6963x3268,"81673 Timothy Mountain
Turnermouth, MS 83564",,,bank_customers_without_schema,,,,,,,,,Checking,,,,,,,
65954c21-b876-443d-b153-a58fb9790bfd,Susan,Davis,Susan Davis,,seanmoss@morales-hicks.net,432.646.4386x9097,"398 Victoria Corners
Codyport, FL 04434",,,bank_customers_without_schema,,,,,,,,,Savings,,,,,,,
85d043e0-4199-4bd0-9a2e-a7991bd6d92a,Bianca,Prince,Bianca Prince,,eharris@saunders.com,157.354.5524,"5746 Hall Lodge Suite 005
West Charles, ID 36921",,,bank_customers_without_schema,,,,,,,,,Checking,,,,,,,
ad102ca5-ba5a-4feb-8439-debff40f1ffe,Amy,Khan,Amy Khan,,sellersvanessa@hotmail.com,(410)692-1386x70769,"4307 Robert Fall
Shellyberg, SC 31391",,,bank_customers_without_schema,,,,,,,,,Savings,,,,,,,
724d71b9-4640-43e2-b09f-037c89fb9cca,April,Wheeler MD,April Wheeler MD,,abrown@yahoo.com,7654524683,"248 Robert Glens Apt. 978
Clarkland, AK 01891",,,bank_customers_without_schema,,,,,,,,,Checking,,,,,,,
776146a3-1e5f-453b-89d9-7dbe50873c8d,Brian,Gill,Brian Gill,,pnelson@francis-swanson.com,(471)139-4323x26219,"120 Sheryl Common
Lambertview, WV 27990",,,bank_customers_without_schema,,,,,,,,,Checking,,,,,,,
b5ad6fb8-839c-4bca-846a-d78883786f7e,Amanda,Burton,Amanda Burton,,hamptonronnie@hotmail.com,(848)446-7791x32263,"USNV Watkins
FPO AP 34617",,,bank_customers_without_schema,,,,,,,,,Savings,,,,,,,
feb1a80b-050a-42c4-964f-4e5d8d44aa2f,Brandon,Hayes,Brandon Hayes,,kjenkins@ortega.com,+1-722-303-3879x06865,"640 Clark Extension
Melissashire, GA 60130",,,bank_customers_without_schema,,,,,,,,,Checking,,,,,,,
c6d8a34c-bbab-4fc7-9b83-91a8ac99ed07,Ana,Matthews,Ana Matthews,,narias@yahoo.com,(973)349-3433x67907,"77942 Scott Circles Suite 896
East Mary, IL 38564",,,bank_customers_without_schema,,,,,,,,,Checking,,,,,,,
79a644b2-435c-4da5-9b6a-c2bbc54a5e54,Daniel,Raymond,Daniel Raymond,,patriciamiller@gmail.com,(342)677-6864,"734 Davis Street
Browntown, WV 77203",,,bank_customers_without_schema,,,,,,,,,Savings,,,,,,,
7ef293e0-c6c1-4648-bd6b-f5b3c041222c,William,Romero,William Romero,,baileyroy@smith.biz,+1-866-660-2474x5749,"34936 Jennifer Walks
Sharpton, GA 81016",,,bank_customers_without_schema,,,,,,,,,Savings,,,,,,,
6dfb0314-460f-48bb-952b-2d0e9aca4d9e,Megan,Gilbert,Megan Gilbert,,xrichardson@gmail.com,(767)939-8787x36508,"8605 Jones Ville
Mayston, OH 51900",,,bank_customers_without_schema,,,,,,,,,Checking,,,,,,,
1e736b8a-bdc0-479c-8cfc-0772227c1d5e,Lori,Cook,Lori Cook,,jodihudson@gmail.com,186.783.0138x403,"USS Miranda
FPO AA 78459",,,bank_customers_without_schema,,,,,,,,,Savings,,,,,,,
236f046b-6644-457c-baa3-c18c29cccc79,Margaret,Jones,Margaret Jones,,davidsonpatrick@hotmail.com,129-570-2253,"Unit 6197 Box 2648
DPO AP 13720",,,bank_customers_without_schema,,,,,,,,,Checking,,,,,,,
4ff13190-a35c-43ef-8efd-743fadd6bb23,Sara,Gibbs,Sara Gibbs,,bhughes@hines.com,268-821-3937,"3808 Aaron Keys
Courtneyhaven, UT 30194",,,bank_customers_without_schema,,,,,,,,,Savings,,,,,,,
ae43599d-05e1-413d-a2e3-e2a44d7837e3,Walter,Chung,Walter Chung,,imitchell@harris.com,001-651-418-4338x2207,"481 Diane Unions Suite 147
New John, WI 40189",,,bank_customers_without_schema,,,,,,,,,Checking,,,,,,,
3a804793-4bf3-4daf-b502-f1cdc9594e9f,Edward,Rodriguez,Edward Rodriguez,,matthew52@hotmail.com,267-659-3048x71014,"86015 Bray Key
Cohenmouth, NJ 63567",,,bank_customers_without_schema,,,,,,,,,Checking,,,,,,,
25bade5d-8239-44d7-aab7-a8629c1cf263,Darren,Richardson,Darren Richardson,,williamschristopher@reeves-humphrey.biz,+1-872-157-1314,"2677 Stephen Trace
Thomasfurt, SC 50299",,,bank_customers_without_schema,,,,,,,,,Checking,,,,,,,
832f139d-da22-4510-9f5e-ff0ec786bc2f,Stephanie,Davis,Stephanie Davis,,benjaminmark@gmail.com,(881)928-3958x820,"PSC 2624, Box 8123
APO AE 54791",,,bank_customers_without_schema,,,,,,,,,Checking,,,,,,,
b7188018-2a36-4f55-8262-a96d22b2706d,Abigail,Mcdonald,Abigail Mcdonald,,ronaldwells@weaver.com,226-081-5704x448,"2817 Jaime Manor
East Jennifertown, NJ 57125",,,bank_customers_without_schema,,,,,,,,,Savings,,,,,,,
f6f93947-7378-4e37-acac-cbc797013c0d,David,Chavez,David Chavez,,baileywilcox@collins-harvey.com,159-747-8568,"2685 Duane Drive
East Zoe, KY 35401",,,bank_customers_without_schema,,,,,,,,,Savings,,,,,,,
881f6d71-d0ef-4570-ad78-b302dbe10627,James,Nichols,James Nichols,,wdowns@yahoo.com,(071)433-8708x09975,"03465 Spencer Bypass
Jonathanland, SD 82553",,,bank_customers_without_schema,,,,,,,,,Checking,,,,,,,
84b802ca-15ae-4889-825e-37b6b30013f8,Christopher,Beasley,Christopher Beasley,,janet64@russell.com,001-690-638-5767x3313,"40639 William Shoal
South Benjamin, AK 57622",,,bank_customers_without_schema,,,,,,,,,Checking,,,,,,,
631264c6-cb0c-4e10-ac2c-1172f586d65a,Austin,Elliott,Austin Elliott,,richard95@miles.net,+1-065-943-2852x98071,"27761 Angela Bypass Suite 883
New Jason, KY 67471",,,bank_customers_without_schema,,,,,,,,,Checking,,,,,,,
31010758-8aab-4b86-aa93-d9ad49d65d5d,Timothy,Brock,Timothy Brock,,davidbaker@hotmail.com,+1-851-266-2152x1927,"5743 Johnson Drive
Troyberg, OK 48168",,,bank_customers_without_schema,,,,,,,,,Savings,,,,,,,
7af24864-e62a-499e-a966-e909148048ef,Mathew,Lopez,Mathew Lopez,,lynnhoffman@roberts.com,+1-861-487-6566x9499,"89123 Durham Summit Apt. 251
Johnfort, VA 25003",,,bank_customers_without_schema,,,,,,,,,Checking,,,,,,,
7b65bb9d-0c42-4b60-8608-b7b95d9772c8,Joseph,Kim,Joseph Kim,,xmaxwell@gmail.com,149-664-2817,"4059 Caroline Vista
Montgomerystad, SC 94388",,,bank_customers_without_schema,,,,,,,,,Checking,,,,,,,
514e2e41-2c71-46c9-8ecc-8c45308641cd,Stephanie,Morrow,Stephanie Morrow,,ucooper@weber.org,128-766-5236x3654,"2717 Mary Locks
Jenniferfort, SD 25657",,,bank_customers_without_schema,,,,,,,,,Checking,,,,,,,
e36027a0-b9a8-43db-acf9-5e69655277ea,James,Davis,James Davis,,isabel80@hotmail.com,+1-432-245-3607,"PSC 2731, Box 0057
APO AA 75065",,,bank_customers_without_schema,,,,,,,,,Checking,,,,,,,
bcdebafd-95ba-45bf-8056-3f1d6414ef88,Diane,Taylor,Diane Taylor,,zritter@gmail.com,(048)846-7324,"53846 Aaron Parkways Apt. 163
Bennettburgh, MS 50949",,,bank_customers_without_schema,,,,,,,,,Savings,,,,,,,
21613b63-dd75-4868-aaa9-0b9a407e2b58,Mark,Juarez,Mark Juarez,,hjohnson@jones.com,343.284.6209,"6480 John Squares Suite 940
Jacksonshire, NC 19375",,,bank_customers_without_schema,,,,,,,,,Savings,,,,,,,
c8482481-c03b-4d53-ae60-e8b0fa26dbb7,Adam,Ford,Adam Ford,,williamsmarie@guerrero.com,(724)343-4533,"PSC 9811, Box 8648
APO AP 19639",,,bank_customers_without_schema,,,,,,,,,Savings,,,,,,,
24547bde-6a3f-405e-8d74-270845babc1b,Juan,Castillo,Juan Castillo,,dharrison@hernandez-newman.com,0396526806,"314 Madden Expressway
North Sherri, AR 05508",,,bank_customers_without_schema,,,,,,,,,Checking,,,,,,,
f2b31b55-4b4a-44ec-9c34-a118ae318db9,Stacey,Anderson,Stacey Anderson,,wrodgers@barron.com,5189643604,"583 Peters Cove
Donaldborough, WV 16635",,,bank_customers_without_schema,,,,,,,,,Savings,,,,,,,
66997c25-a1c1-4f6b-93c1-dfcf66df5804,Gregory,Patterson,Gregory Patterson,,blackjames@yahoo.com,+1-223-251-8598,"69575 Baker Cape Suite 300
Davidshire, OH 84231",,,bank_customers_without_schema,,,,,,,,,Savings,,,,,,,
87328f04-222f-43f1-938a-4932b23fc7ac,Julie,Mccullough,Julie Mccullough,,zacharylawson@hendricks.com,276-238-7133x872,"PSC 2582, Box 4754
APO AA 30164",,,bank_customers_without_schema,,,,,,,,,Savings,,,,,,,
47a67266-2110-462f-a682-07811e7a2434,Eric,Jennings,Eric Jennings,,joseph11@gmail.com,835-176-9370x031,"392 Webb Plaza
Halltown, PA 56216",,,bank_customers_without_schema,,,,,,,,,Checking,,,,,,,
954df4fa-c3d7-4014-8a47-66947eed4cd0,Gary,Williams,Gary Williams,,brian19@gibbs.com,501-843-8103,"USNS Kent
FPO AP 75107",,,bank_customers_without_schema,,,,,,,,,Checking,,,,,,,
9a754150-2edd-41d5-9cf7-0195bd8af4a4,Wanda,Gregory,Wanda Gregory,,michelleevans@yahoo.com,+1-854-971-8491x459,"Unit 2728 Box 9750
DPO AE 19992",,,bank_customers_without_schema,,,,,,,,,Checking,,,,,,,
33de83b2-f11e-4d57-8947-b9409967764c,Kathleen,Davis,Kathleen Davis,,twallace@hotmail.com,3864912602,"6499 Griffin Trail
Port Sydneyton, NH 67083",,,bank_customers_without_schema,,,,,,,,,Checking,,,,,,,
935c2979-a215-439c-95c8-581c469fc604,Jared,Jones,Jared Jones,,dtran@morgan.org,945-668-0243,"78083 Sandra Forest
Lopezville, NE 81560",,,bank_customers_without_schema,,,,,,,,,Savings,,,,,,,
170fe55d-4d06-43aa-b393-b165f2689d03,Norma,Gray,Norma Gray,,james03@yahoo.com,(504)149-5283x09767,"62850 Frye Corners
Lake Michael, IN 78810",,,bank_customers_without_schema,,,,,,,,,Checking,,,,,,,
ba487fc2-021f-490b-9eb8-8c6bcddfa5fd,John,Hernandez,John Hernandez,,mark71@yahoo.com,+1-675-393-7841x22201,"536 Roger Station
West Gregorymouth, CO 93419",,,bank_customers_without_schema,,,,,,,,,Checking,,,,,,,
d4f704c6-103f-46ef-83a3-1fcf8f149e8d,Stephen,Cardenas,Stephen Cardenas,,nicholas14@yahoo.com,+1-969-047-5656x647,"4747 David Drives
Port Yolandafurt, LA 08957",,,bank_customers_without_schema,,,,,,,,,Savings,,,,,,,
e5c5cb1b-d42f-4315-a9ca-7d6363157d03,Nancy,Jacobs,Nancy Jacobs,,matthewnguyen@hotmail.com,960.150.5453,"598 Rachel Mountain Suite 720
Nicoleville, MT 06265",,,bank_customers_without_schema,,,,,,,,,Checking,,,,,,,
b9a0c6fd-140a-46dd-9044-17e28b000e2d,Brady,Cummings,Brady Cummings,,tylerreeves@maxwell-mayer.com,795.730.3966,"766 Tina Shore
New Daniel, WI 94294",,,bank_customers_without_schema,,,,,,,,,Checking,,,,,,,
cee82296-b2d1-4c9a-aaca-350d4b89f144,Dustin,Flores,Dustin Flores,,alejandrowatson@hudson.com,067-196-5522x6810,"041 Tucker Glens Suite 280
North John, OH 35638",,,bank_customers_without_schema,,,,,,,,,Checking,,,,,,,
e0006695-6c59-493a-a67c-f8a4494d573c,Lucas,Blair,Lucas Blair,,sandersdiana@hotmail.com,714.175.8271x037,"7176 Joseph Causeway
Port Jonstad, MS 42831",,,bank_customers_without_schema,,,,,,,,,Savings,,,,,,,
f15a3ed9-e500-4804-a151-c947b3416a98,Ashley,Jones,Ashley Jones,,teresa30@cohen.info,+1-344-978-5120x147,"8597 Brenda Glens Suite 415
East Timothy, MS 93341",,,bank_customers_without_schema,,,,,,,,,Savings,,,,,,,
d752b5cd-af63-46e7-9069-d7cbe8e839a7,John,Skinner,John Skinner,,dgomez@peck.com,820.454.0516,"8391 Jennifer Terrace
South Duane, VA 22538",,,bank_customers_without_schema,,,,,,,,,Checking,,,,,,,
68b3f425-70b5-4cfa-bdf5-49a6f763c49f,Jessica,Sullivan MD,Jessica Sullivan MD,,alex61@king.org,001-725-162-5786x74333,"3847 Sharon Inlet Apt. 009
North Kevinville, IL 49460",,,bank_customers_without_schema,,,,,,,,,Savings,,,,,,,
524e64b4-238d-41e0-8e6b-d37abc7d5c24,Joseph,Edwards,Joseph Edwards,,matthewcollins@gmail.com,+1-653-497-0373x1717,"50506 Baxter Extensions Suite 552
Landrybury, IL 93214",,,bank_customers_without_schema,,,,,,,,,Checking,,,,,,,
282c49f1-92f5-46c8-8979-3c73b714cbc2,Joseph,Sims,Joseph Sims,,john55@oconnor.com,423.166.7418x337,"848 Parker Lodge Apt. 832
Barryton, AZ 06156",,,bank_customers_without_schema,,,,,,,,,Savings,,,,,,,
c038a9fd-6359-4285-ac73-a89150b7774a,Ryan,Castillo,Ryan Castillo,,nsheppard@mckenzie.com,780.594.8724x368,"634 Sarah Common
Poncefurt, OR 08783",,,bank_customers_without_schema,,,,,,,,,Checking,,,,,,,
e237a63f-eeda-45c8-9d95-5cb3b423bb93,Chad,Wagner,Chad Wagner,,gloriakhan@randolph.info,+1-933-973-6429x22147,"3921 Harris Shore
Charlesland, FL 16084",,,bank_customers_without_schema,,,,,,,,,Checking,,,,,,,
bdcac122-2f0a-4bb0-a871-3d0294efb56e,Christy,Mcgee,Christy Mcgee,,lindsay37@yahoo.com,809-974-5640,"4748 Diane Estate Apt. 906
West Chelseyside, AL 06683",,,bank_customers_without_schema,,,,,,,,,Checking,,,,,,,
60a7ce7a-2cdd-4847-9d10-86567ca636fa,John,Taylor,John Taylor,,cheryl06@gmail.com,(022)945-8519x258,"31996 John Village
Loveview, WY 23051",,,bank_customers_without_schema,,,,,,,,,Checking,,,,,,,
41c0fc22-a4b2-42ad-aeb3-1d73a354b649,Ian,Reid,Ian Reid,,smontgomery@yahoo.com,2672967411,"73224 Rachel Mountain Apt. 931
Lindseyborough, KY 49706",,,bank_customers_without_schema,,,,,,,,,Checking,,,,,,,
98732a2c-a600-4c43-96d0-6ea9821239d3,Jennifer,Wilson,Jennifer Wilson,,jennifer32@white.com,(727)494-1116x5205,"Unit 5631 Box 7888
DPO AE 45192",,,bank_customers_without_schema,,,,,,,,,Checking,,,,,,,
d1c9e480-3aab-45a8-b162-d4302f5bf2bc,Victoria,Fuentes,Victoria Fuentes,,umiddleton@hotmail.com,+1-682-200-9685,"15881 Bullock Trail
Potterbury, NY 70089",,,bank_customers_without_schema,,,,,,,,,Checking,,,,,,,
60135879-582c-4184-a114-ea05a80c1b9c,Gloria,Mcgrath,Gloria Mcgrath,,phillip81@yahoo.com,001-396-813-7875x469,"42563 Debra Brook Apt. 253
Amberport, LA 76626",,,bank_customers_without_schema,,,,,,,,,Savings,,,,,,,
b95a7fbf-db0c-4893-882b-69686e42cf4e,Heather,Horton,Heather Horton,,ortegadeborah@myers.com,029.807.8628x6640,"USCGC Johnson
FPO AP 62481",,,bank_customers_without_schema,,,,,,,,,Checking,,,,,,,
fd7a88ed-9268-4601-b28f-694ede966884,Dominique,Cox,Dominique Cox,,elizabethsampson@hotmail.com,001-522-749-1004,"81381 Amy Parkway Suite 641
New Elizabeth, IL 39291",,,bank_customers_without_schema,,,,,,,,,Savings,,,,,,,
2d0db174-1b47-46d1-88d4-56a0740ed3ca,Matthew,Daniel,Matthew Daniel,,perryjohn@yahoo.com,001-371-800-8741x910,"964 Cameron Port
Raymondshire, MI 36001",,,bank_customers_without_schema,,,,,,,,,Checking,,,,,,,
239b9bf2-0db2-40da-9c84-cf1a9b6312a6,Allison,Joseph,Allison Joseph,,trivera@hotmail.com,(020)558-1715x1012,"18575 Christopher Radial
Laurenberg, NC 29086",,,bank_customers_without_schema,,,,,,,,,Savings,,,,,,,
9558f93b-ecdb-432b-bf6b-b4676f15f65f,Jacqueline,Kramer,Jacqueline Kramer,,ericsmith@white.info,424.167.2992x18720,"663 Sharp Ports Suite 423
Clintonton, NY 55981",,,bank_customers_without_schema,,,,,,,,,Savings,,,,,,,
22017927-d28e-47ca-88bb-646310a32162,Tasha,Collins,Tasha Collins,,wilsonmorgan@gmail.com,2835387248,"9260 Griffith Rapids
Herreraport, ND 69461",,,bank_customers_without_schema,,,,,,,,,Checking,,,,,,,
d4dbb386-3c91-4ddb-beb9-19df4b789bb2,Tyler,Alvarez,Tyler Alvarez,,andrewrosario@stark.info,(936)197-1404x8101,"3072 Wolfe Meadows Suite 558
East Shelbyfort, OH 80316",,,bank_customers_without_schema,,,,,,,,,Checking,,,,,,,
53a7a453-7c49-4089-8aab-8726f04b5988,Brent,Robinson,Brent Robinson,,nchavez@gmail.com,+1-715-583-8027x40992,"477 Colleen Skyway
Mallorymouth, OK 91666",,,bank_customers_without_schema,,,,,,,,,Savings,,,,,,,
2a33b2f3-3b40-45e5-bdbc-ff32df221525,Brandon,Ramirez,Brandon Ramirez,,john41@harvey.org,479.771.3823,"08169 Veronica Trail Apt. 622
East Frank, NC 21678",,,bank_customers_without_schema,,,,,,,,,Savings,,,,,,,
0d90e21d-10f7-4336-8cb0-fd8083e58747,Douglas,Waters,Douglas Waters,,donnaadkins@collins.com,557-022-5837x452,"8890 Cobb Glen
Webbfort, WA 75657",,,bank_customers_without_schema,,,,,,,,,Checking,,,,,,,
f3d92c5b-44ed-4337-b0d0-c92c39b56d61,Kimberly,Kane,Kimberly Kane,,gcross@gmail.com,371.694.6240x2576,"165 Eric Springs Suite 690
East Hannah, NV 95327",,,bank_customers_without_schema,,,,,,,,,Checking,,,,,,,
79491e90-cbd1-4c15-8dd7-1336e1407d93,John,Webb,John Webb,,mharper@hotmail.com,1598419403,"09873 Wall Crossing Suite 408
Antoniomouth, SC 66776",,,bank_customers_without_schema,,,,,,,,,Savings,,,,,,,
00bfb45c-1704-479c-84d5-a2c203520ef0,Denise,Jones,Denise Jones,,harrisrobert@yahoo.com,777-157-5950,"71637 Robert Rest Suite 496
New Dorisstad, GA 01355",,,bank_customers_without_schema,,,,,,,,,Savings,,,,,,,
247537db-1234-4ebd-abeb-36d396919e8f,Bernard,Griffin,Bernard Griffin,,buchananbrooke@yahoo.com,(203)142-5380x69634,"PSC 5220, Box 0324
APO AE 44636",,,bank_customers_without_schema,,,,,,,,,Savings,,,,,,,
b0411e4e-699b-496c-940c-5fb10b81fe35,Patricia,Gonzalez,Patricia Gonzalez,,ewilson@lee.org,847-822-0387x46723,"6422 Katie Fork Suite 478
Wagnershire, SC 55284",,,bank_customers_without_schema,,,,,,,,,Checking,,,,,,,
e6b859b3-12fe-4e45-aedc-cc45a2539f24,Glenda,Wang,Glenda Wang,,jill29@jones.com,145.550.8039x0626,"41614 Mary Pine Apt. 753
Rachelport, HI 50526",,,bank_customers_without_schema,,,,,,,,,Savings,,,,,,,
8a1c688d-22d5-4ab5-99cf-5e3376415711,Nathan,Moore,Nathan Moore,,justin88@gmail.com,(928)387-7702x65134,"429 Kristen Ways Apt. 844
Melissatown, MD 77232",,,bank_customers_without_schema,,,,,,,,,Checking,,,,,,,
35aa0744-3515-4e3a-a772-e62af45e8c3d,Jessica,Finley,Jessica Finley,,vhurst@hotmail.com,210-667-9859x9815,"36423 Lorraine Prairie
North Melissaville, OR 89768",,,bank_customers_without_schema,,,,,,,,,Savings,,,,,,,
fbe54fd8-c467-4da9-a92f-9e0bdbf2cd57,Matthew,Perez,Matthew Perez,,jennifer36@moore.org,4285193454,"1108 Jamie Island
Lake Sierratown, CA 91395",,,bank_customers_without_schema,,,,,,,,,Checking,,,,,,,
09ceacd9-7678-48fc-aa6d-4702147bc758,Nicholas,Anderson,Nicholas Anderson,,stephen68@yahoo.com,001-722-040-2272,"47198 Eric Court
Garrettstad, MA 05896",,,bank_customers_without_schema,,,,,,,,,Savings,,,,,,,
a5fb5062-60b1-47f8-9802-8923700da334,Rebecca,Nelson,Rebecca Nelson,,amanda05@hotmail.com,001-427-540-5478x6567,"31067 Taylor Club Suite 523
New Blake, AZ 64167",,,bank_customers_without_schema,,,,,,,,,Checking,,,,,,,
c8de4847-d9df-478b-81c4-a3e4396075ce,Matthew,Wilson,Matthew Wilson,,michaeldoyle@walker.org,+1-982-631-4376x4546,"900 Morgan Station
Donnafort, AL 93355",,,bank_customers_without_schema,,,,,,,,,Checking,,,,,,,
89bef8ba-886d-4311-bf81-f103bb06fd0d,Joanna,Alvarado,Joanna Alvarado,,bryan85@dyer.com,5633956533,"20420 Edwards Drive Apt. 294
Dominiqueburgh, NE 91276",,,bank_customers_without_schema,,,,,,,,,Savings,,,,,,,
8aa8c914-720a-403f-9f6a-e23ba0128346,Vicki,Roberts,Vicki Roberts,,lambertjennifer@thompson-bailey.net,919-587-3385x53655,"USNV Turner
FPO AA 67646",,,bank_customers_without_schema,,,,,,,,,Checking,,,,,,,
d7dcd910-60ec-4555-85d8-fffda86d2e19,Jerry,Moore,Jerry Moore,,sean32@hotmail.com,(435)292-1766x82353,"07813 Green Plaza Suite 111
Webbville, MN 46677",,,bank_customers_without_schema,,,,,,,,,Savings,,,,,,,
61cacba2-b630-4123-be08-f69cf70f48d7,Brandon,Snyder,Brandon Snyder,,williamvalentine@gmail.com,268-839-4502x723,"97205 Alexander Rapid Apt. 852
New Stephanie, VT 24876",,,bank_customers_without_schema,,,,,,,,,Checking,,,,,,,
65b19bf8-d7d5-40a6-b2ef-fd901bd7c458,Julie,Cannon,Julie Cannon,,samuel89@gmail.com,724.372.2211x008,"2758 Mcconnell Common
Michaelfort, OR 81798",,,bank_customers_without_schema,,,,,,,,,Checking,,,,,,,
b68f32f5-6cf6-4117-9e02-ce2d729815e2,Andrea,Brown,Andrea Brown,,theresabarnes@mcmahon.com,371.452.2780,"PSC 5928, Box 6820
APO AA 56897",,,bank_customers_without_schema,,,,,,,,,Checking,,,,,,,
17de082d-f20d-489c-8dcf-e91ec2ad6d1b,Lisa,Roman,Lisa Roman,,cartershannon@yahoo.com,177-631-6659x6563,"06759 Lauren Court Suite 961
Christophermouth, MO 66483",,,bank_customers_without_schema,,,,,,,,,Savings,,,,,,,
d7790bce-f6ab-4a9b-9fc2-b4a4efff2457,Anna,Lane,Anna Lane,,ireyes@hotmail.com,070.865.0736x2615,"5065 Cory Oval Apt. 479
Roblesport, VT 77705",,,bank_customers_without_schema,,,,,,,,,Checking,,,,,,,
92a3b633-98fb-4f37-8ceb-3121ef5d96cb,Paul,Murphy,Paul Murphy,,charlottepowell@sandoval-mitchell.com,(063)609-4242x3286,"67418 Christina Overpass
Kristymouth, KY 05186",,,bank_customers_without_schema,,,,,,,,,Savings,,,,,,,
80e85004-0722-48f3-8211-fde51e9d7b0b,Sean,Willis,Sean Willis,,bjohnson@black.org,899-951-9936,"38012 Cochran Orchard Apt. 248
Lake Robert, KS 21459",,,bank_customers_without_schema,,,,,,,,,Savings,,,,,,,
f8831a6e-dfcb-4df5-aebe-79177b6bd6d8,Benjamin,Burch DVM,Benjamin Burch DVM,,angelicamyers@hotmail.com,204-071-7429x856,"9138 Mason View Suite 460
East Amber, NH 48634",,,bank_customers_without_schema,,,,,,,,,Savings,,,,,,,
4fab66e0-39a3-4b31-9a00-fb90afbdc06b,Veronica,Glenn,Veronica Glenn,,harrisondaniel@preston.com,385-079-8107,"USCGC James
FPO AP 50462",,,bank_customers_without_schema,,,,,,,,,Savings,,,,,,,
77e69ff8-2030-4e16-9fbe-374224549556,Sean,Mcdonald,Sean Mcdonald,,qclark@welch.biz,(782)437-6936,"7368 Lindsay Stravenue Suite 475
South Austinton, MA 09507",,,bank_customers_without_schema,,,,,,,,,Checking,,,,,,,
2288bd69-6dfa-4464-9bbc-2eb98a5d55c5,Abigail,Carr,Abigail Carr,,gonzalezmario@rodriguez-fernandez.com,001-624-374-4285,"Unit 5162 Box 0071
DPO AA 63221",,,bank_customers_without_schema,,,,,,,,,Checking,,,,,,,
8c38c781-2ad6-4757-8b71-acb9a22ced62,Caitlin,Singh,Caitlin Singh,,buckleyrobert@yahoo.com,951-917-6181,"59687 Rebekah View
Port Amy, CA 87132",,,bank_customers_without_schema,,,,,,,,,Checking,,,,,,,
bb0eecae-2c87-46e8-bf73-f87a8920a432,Melissa,Bailey,Melissa Bailey,,wandagraves@yahoo.com,+1-194-489-8883x19832,"57567 James Prairie
Whitebury, AK 87814",,,bank_customers_without_schema,,,,,,,,,Checking,,,,,,,
20bf1d2e-5927-415d-8faf-80e47f53c877,Brent,Green,Brent Green,,tammymontes@gmail.com,480-339-3794x532,"33419 Collin Forest Apt. 338
Lake Tracie, AZ 49208",,,bank_customers_without_schema,,,,,,,,,Savings,,,,,,,
901641e7-7458-4f2d-80c3-b02460b4b0d3,Sandra,Perez,Sandra Perez,,pdavila@robinson.info,001-181-471-2636x773,"04959 Villanueva Plaza Apt. 978
Timothyville, GA 87843",,,bank_customers_without_schema,,,,,,,,,Checking,,,,,,,
d358b962-70cc-4fab-b279-1b84ab41eed8,Jeffrey,Jones,Jeffrey Jones,,johncook@gmail.com,168.381.4349x171,"1306 Joshua Springs Suite 004
Smithside, MD 44922",,,bank_customers_without_schema,,,,,,,,,Savings,,,,,,,
dd72fda8-e139-4694-8650-6328884e9a67,Ryan,Wilson,Ryan Wilson,,christopherjenkins@hotmail.com,(019)150-4704,"66775 White Pines
West Jonland, NY 41782",,,bank_customers_without_schema,,,,,,,,,Savings,,,,,,,
5a4a7cc6-fa4f-4ac4-a2a6-21017a7184e8,Nicole,Herrera,Nicole Herrera,,andrew81@holder.info,+1-681-359-3429,"34659 Michael Brook Suite 871
North Amanda, AL 18386",,,bank_customers_without_schema,,,,,,,,,Checking,,,,,,,
73160728-f73b-4c8e-91a3-b4889533b206,Gregory,Silva,Gregory Silva,,shelly61@roberts-lee.com,130-030-9513,"041 Blake Hollow
Petersburgh, UT 55253",,,bank_customers_without_schema,,,,,,,,,Checking,,,,,,,
8f1b7e06-c473-4b34-8b78-1e34c26c0a21,Michelle,Nelson,Michelle Nelson,,oharrison@brown-gutierrez.com,001-834-207-0346x804,"90078 Pena Tunnel
East Patrick, DE 04454",,,bank_customers_without_schema,,,,,,,,,Checking,,,,,,,
eec10d2c-e77b-4aa9-818a-696a7857a642,Victor,Torres,Victor Torres,,williamharmon@yahoo.com,5162832744,"983 Watts Roads Apt. 038
West Annaside, DC 12647",,,bank_customers_without_schema,,,,,,,,,Checking,,,,,,,
fad3a6b4-ff4d-437a-a774-d11e1b071f83,Michele,Curtis,Michele Curtis,,katrinahill@hotmail.com,052-917-2251x77617,"179 Campbell Ferry
Joelside, ID 94448",,,bank_customers_without_schema,,,,,,,,,Savings,,,,,,,
e2639278-768c-4bef-a3ba-5f8193234339,Kristen,Williams,Kristen Williams,,patricknorton@austin.info,(866)331-0896,"394 Hughes Ridge
West Sarahbury, WI 84330",,,bank_customers_without_schema,,,,,,,,,Savings,,,,,,,
969cad39-32ee-4a08-9f93-7f3c785cdfe8,Kyle,Bailey,Kyle Bailey,,christopher82@morgan.com,915-255-9650,"81855 William Shore Suite 419
Woodsstad, SC 39922",,,bank_customers_without_schema,,,,,,,,,Savings,,,,,,,
e9432c79-07b2-4c57-9c33-2060b8306862,Julia,Matthews,Julia Matthews,,justin75@yahoo.com,(733)136-9669,"661 Marquez Mill Apt. 492
Kimberlyborough, OR 26112",,,bank_customers_without_schema,,,,,,,,,Savings,,,,,,,
f69714d5-812b-4098-9ebc-39de15f7f458,Michael,Thompson,Michael Thompson,,perrydonald@gmail.com,489-529-1370x97189,"0300 Miller Corner Suite 162
Port Connor, NJ 98299",,,bank_customers_without_schema,,,,,,,,,Checking,,,,,,,
6b0b436c-23d0-4cd1-bd16-3ca908dd16dc,Laura,Roberson,Laura Roberson,,hernandezrobert@hotmail.com,334.344.8115x53353,"16911 Ryan Path
West Heatherton, WA 43970",,,bank_customers_without_schema,,,,,,,,,Savings,,,,,,,
7b44de1c-b44b-46d4-8ce3-ada5d9826392,Kim,Mason,Kim Mason,,amanda12@johnson.info,001-041-980-8829x151,"2789 Garcia Bridge Suite 906
Hartborough, KS 53625",,,bank_customers_without_schema,,,,,,,,,Savings,,,,,,,
873206ef-b088-4603-9eb4-fea39e457091,Danielle,Pearson,Danielle Pearson,,sharon67@stewart-stewart.com,(846)008-1813,"52382 Donald Mountains Suite 114
North Michelle, UT 38357",,,bank_customers_without_schema,,,,,,,,,Savings,,,,,,,
2dd29f65-77e2-4e11-bb18-6e6ce2657f79,Amy,Moore,Amy Moore,,christianronald@hotmail.com,001-616-806-2199x30768,"629 Thompson Ford Apt. 262
Amyborough, MS 48517",,,bank_customers_without_schema,,,,,,,,,Savings,,,,,,,
cb750ef4-e03f-4a01-a77b-9a9c42bbb7a3,Sean,Ellis,Sean Ellis,,raymondlucas@yahoo.com,1709550004,"17144 Freeman Trace
Lindsaytown, TX 06243",,,bank_customers_without_schema,,,,,,,,,Checking,,,,,,,
eb59bff0-7504-4030-b7b4-584eb73fb357,Tracy,Dean,Tracy Dean,,april52@yang-oneal.com,1621821089,"7436 Miller Brooks Suite 406
South Christopher, MO 24788",,,bank_customers_without_schema,,,,,,,,,Savings,,,,,,,
6c71bf63-302a-48f6-98df-09cec77a4a77,Taylor,Brown,Taylor Brown,,jpitts@martin-johnston.net,699.248.3969x9713,"566 Clayton Lodge Suite 930
Williamsonton, TX 31645",,,bank_customers_without_schema,,,,,,,,,Savings,,,,,,,
9ead72da-51ef-48f5-b316-af3d99c893b9,Morgan,Riley,Morgan Riley,,stephaniemeadows@gmail.com,859-940-4680x03311,"93172 Carolyn Freeway
Richardtown, TX 04722",,,bank_customers_without_schema,,,,,,,,,Checking,,,,,,,
d722be95-ba4d-441c-bbab-b178005ad43b,April,Shea,April Shea,,eric48@gmail.com,636-107-7314x79103,"86904 Cynthia Flats
West Eileen, AK 63495",,,bank_customers_without_schema,,,,,,,,,Savings,,,,,,,
92be0bd6-9470-494e-a18a-d5ca8df237c2,Cheryl,Shea,Cheryl Shea,,luisprice@yahoo.com,642-798-7242x0672,"66660 Jackson Tunnel Apt. 736
North Anthony, MS 43022",,,bank_customers_without_schema,,,,,,,,,Checking,,,,,,,
4d8b18fd-6753-480a-a025-d23c29c4edb1,Anthony,Jones,Anthony Jones,,michael15@cook-boyd.com,+1-850-458-3611x7508,"87695 Joseph Key
South William, RI 02612",,,bank_customers_without_schema,,,,,,,,,Checking,,,,,,,
88ce1748-a87c-4aad-a068-2a1fb4372b06,Sylvia,Franco,Sylvia Franco,,rhunt@baker-mueller.com,001-554-496-7119x3210,"66528 Kimberly Station Apt. 370
Greenland, DC 40813",,,bank_customers_without_schema,,,,,,,,,Checking,,,,,,,
32153d2b-5b50-40b4-8e6e-2532140e2398,Ashley,Johnson,Ashley Johnson,,bruce06@yahoo.com,007-686-9936x70127,"68857 Sherman Hills
Rodneyhaven, DE 01276",,,bank_customers_without_schema,,,,,,,,,Checking,,,,,,,
5a358724-fd4d-4b7b-93c5-7f44c40c4ad5,Anita,Thomas,Anita Thomas,,dakotamichael@andrews-wood.com,8194503652,"6694 Jacob Viaduct Apt. 809
West Kevin, OK 70952",,,bank_customers_without_schema,,,,,,,,,Checking,,,,,,,
d8a1a418-0def-484a-92ac-42bd6a66098c,Hannah,Reyes,Hannah Reyes,,kchang@carpenter.com,001-137-266-5200,"628 Brown Canyon
Alexandrashire, AR 07151",,,bank_customers_without_schema,,,,,,,,,Checking,,,,,,,
2cb5eb97-1010-4efa-a9a0-e1b9f075891b,Melissa,Peters,Melissa Peters,,charles20@yahoo.com,+1-596-450-6594,"52780 Mitchell Glens Apt. 796
Lake Caroline, MN 31112",,,bank_customers_without_schema,,,,,,,,,Checking,,,,,,,
f223ee15-bea8-441e-ae7d-dd3071cfcc6c,Willie,Watson,Willie Watson,,greenmatthew@underwood-nunez.biz,870.656.1100,"91810 Obrien Mount Suite 215
Amychester, AK 84554",,,bank_customers_without_schema,,,,,,,,,Checking,,,,,,,
52c82854-1490-4d9e-8539-07fe040b233e,Annette,Simon,Annette Simon,,ycook@yahoo.com,8876545897,"6697 Patrick Coves Apt. 155
Carpenterburgh, NY 11709",,,bank_customers_without_schema,,,,,,,,,Checking,,,,,,,
78d21d42-ede2-4ce9-be31-aed5f4a75769,Daniel,Gibson,Daniel Gibson,,benjaminporter@yahoo.com,802.393.9518,"27292 Melissa Canyon Apt. 378
Port Donna, ND 54410",,,bank_customers_without_schema,,,,,,,,,Savings,,,,,,,
9d7fa76f-29f2-4c94-9bb1-9c47730003a4,Emily,Anderson,Emily Anderson,,pagejoshua@hotmail.com,2088563344,"7174 Jessica Points
Rhodesland, MD 15148",,,bank_customers_without_schema,,,,,,,,,Savings,,,,,,,
b9623622-1258-4a6f-8cbc-3f6d821c375c,Brian,Jefferson,Brian Jefferson,,hendersonbrandon@zimmerman.org,001-996-965-2310x123,"840 Shawn Lodge Suite 174
Lake Justinton, TN 09657",,,bank_customers_without_schema,,,,,,,,,Savings,,,,,,,
a073bab4-0138-4229-9410-800ea88bcbea,Martha,Howell,Martha Howell,,changcynthia@gmail.com,580.813.9509,"511 Gutierrez Park
Bethanyville, TN 06794",,,bank_customers_without_schema,,,,,,,,,Savings,,,,,,,
ba1baf20-61aa-4b6d-916a-4cba17f2a974,Cindy,Cantu,Cindy Cantu,,scottholmes@hotmail.com,(650)011-1267x37920,"9319 Jones Lane
Joyceburgh, HI 94102",,,bank_customers_without_schema,,,,,,,,,Checking,,,,,,,
6bcb2325-b343-4b8e-a6b9-21c9d1672275,Aaron,Parks,Aaron Parks,,ashleyterry@sharp-ward.com,001-822-007-8063x4210,"9023 John Street Suite 952
South Danielton, AK 03201",,,bank_customers_without_schema,,,,,,,,,Checking,,,,,,,
9fc96097-9973-4c1d-8ce9-4758f5f67da3,John,Torres,John Torres,,richard81@kim.org,834-108-1544x294,"9245 Kaylee Lock
North Jonathanfurt, ID 26912",,,bank_customers_without_schema,,,,,,,,,Checking,,,,,,,
bab90b8d-0ab5-4255-b9c3-e863a3d75157,Jeremy,Lopez,Jeremy Lopez,,annettesmith@ho-cummings.com,501-392-3322,"8395 Smith Motorway
Melissamouth, NH 28252",,,bank_customers_without_schema,,,,,,,,,Checking,,,,,,,
f945e525-4793-4a1a-8b81-cc1839decca1,Jillian,Mcgee,Jillian Mcgee,,christopherwilkerson@shaw-smith.info,587.483.5540,"7240 Bailey Ford Suite 601
New Christopher, AK 73455",,,bank_customers_without_schema,,,,,,,,,Checking,,,,,,,
a1433475-c511-4031-b64b-94b9d2f5e411,Jason,Arroyo,Jason Arroyo,,fbartlett@gmail.com,109-636-4136x6327,"743 Steven Fields
Kellyshire, NM 82502",,,bank_customers_without_schema,,,,,,,,,Checking,,,,,,,
a799d21d-0a44-4aad-9f2e-31e7b2f47251,Wyatt,Gonzales,Wyatt Gonzales,,joshuaburns@mcclain.com,+1-744-724-8254x830,"4041 Brandon Vista Suite 157
West Megan, MI 61801",,,bank_customers_without_schema,,,,,,,,,Checking,,,,,,,
6fce22cf-cfed-4943-a5b8-3d71f832e39f,Anna,Fox,Anna Fox,,geraldsolis@gmail.com,(991)844-9197x74207,"88011 Thomas Inlet Suite 786
West Kevinfurt, KS 24775",,,bank_customers_without_schema,,,,,,,,,Savings,,,,,,,
21aaf8bb-63a6-4b88-b85e-8497c122288b,David,Meyers,David Meyers,,bmartinez@hotmail.com,557.191.1640x6552,"341 Joanna Springs Apt. 801
Montgomeryview, OK 85479",,,bank_customers_without_schema,,,,,,,,,Savings,,,,,,,
8e88df6c-2dce-4c62-9db8-ae3e0f766477,Todd,Gonzalez,Todd Gonzalez,,jeffrey78@gmail.com,078.642.9604,"0844 Vicki Islands Apt. 116
Lake Courtney, CA 73843",,,bank_customers_without_schema,,,,,,,,,Checking,,,,,,,
d6135d6f-5ed8-4a7c-b876-942d4ac3a1ed,Crystal,Howard,Crystal Howard,,ashley19@flores.info,+1-914-286-6956x2706,"68527 Anderson Way
Port Anthony, WY 20736",,,bank_customers_without_schema,,,,,,,,,Savings,,,,,,,
71955280-a878-43a3-9691-3e763a456ae7,Michele,Griffin,Michele Griffin,,laracharles@hotmail.com,873-425-8674,"255 Anderson Dam
South Seanside, ND 72937",,,bank_customers_without_schema,,,,,,,,,Checking,,,,,,,
1a2afbb8-9ef8-4828-b6cf-a8a1b31964c2,Whitney,Smith,Whitney Smith,,fgrimes@hernandez-morales.com,6202212652,"81077 Wilson Island
East Monicastad, TX 25029",,,bank_customers_without_schema,,,,,,,,,Savings,,,,,,,
e43e3474-f36f-4472-8e4d-7d11db2fb661,Jerry,Myers,Jerry Myers,,cindycastillo@barry.biz,570.157.0783,"29625 White Coves
Andreaport, UT 18640",,,bank_customers_without_schema,,,,,,,,,Savings,,,,,,,
ad6436b1-0206-4494-b9c3-24182526ddfa,Aaron,Small,Aaron Small,,kaylablackburn@gmail.com,257-285-7039x737,"059 Craig Road
Luisborough, MT 65373",,,bank_customers_without_schema,,,,,,,,,Savings,,,,,,,
63a9b9fa-ec5c-4be3-a14f-611d11ca07a2,Tracy,Webster,Tracy Webster,,james37@roberts.info,3416956905,"68273 Michael Dale
East Laurieshire, AK 21966",,,bank_customers_without_schema,,,,,,,,,Savings,,,,,,,
d47e5602-2e04-4316-8996-da90c7b631c5,Anthony,Scott,Anthony Scott,,candacejackson@yahoo.com,001-747-503-6328x759,"PSC 8947, Box 6513
APO AE 40893",,,bank_customers_without_schema,,,,,,,,,Checking,,,,,,,
974395f1-1742-4614-b6f0-a346412dd835,Heather,Terrell,Heather Terrell,,barronmargaret@hotmail.com,(960)733-5796x75597,"9294 Christopher Mission
Olsonland, OH 33866",,,bank_customers_without_schema,,,,,,,,,Checking,,,,,,,
b14258fb-0114-4324-a141-91a088bfb61c,Diana,Lewis,Diana Lewis,,wesleyevans@wilson.com,880.259.9138x210,"428 Brittney Knolls
Toddberg, RI 88397",,,bank_customers_without_schema,,,,,,,,,Savings,,,,,,,
223a5a69-762c-40ce-8841-44291c4efc72,Mary,Parsons,Mary Parsons,,wmiller@hotmail.com,(227)736-3856x38644,"PSC 8213, Box 3810
APO AA 01940",,,bank_customers_without_schema,,,,,,,,,Checking,,,,,,,
e676ba0a-aaa0-4dd8-b24a-16471675666b,Christopher,Arellano,Christopher Arellano,,alexisaguirre@hayes.net,699.277.2612,"1890 Ayala Ports Apt. 183
Marshberg, GA 45688",,,bank_customers_without_schema,,,,,,,,,Checking,,,,,,,
f3115b7e-0fdc-47d8-8baf-04e50b2eb855,Jacqueline,Payne,Jacqueline Payne,,gravesronald@yahoo.com,943.907.2516,"96275 Walker Mission
Christopherhaven, MI 81542",,,bank_customers_without_schema,,,,,,,,,Savings,,,,,,,
2ef7ac1b-c8a9-408c-b142-2ddf41489d77,Julie,Butler,Julie Butler,,kimkaren@yahoo.com,005.618.4568x0115,"PSC 5556, Box 1283
APO AA 46414",,,bank_customers_without_schema,,,,,,,,,Savings,,,,,,,
db75c8fa-99cd-4833-b4c9-6a1958a41e10,Robert,Dorsey,Robert Dorsey,,timothy43@wilson.com,395-132-2155x6114,"5975 Russell Trail
New Leeborough, TX 73704",,,bank_customers_without_schema,,,,,,,,,Savings,,,,,,,
e0ec0c71-4b9d-4b19-b14f-5f90528a07b1,Mr.,Edwin Smith,Mr. Edwin Smith,,powellmark@morgan.com,+1-167-583-6985,"243 Graves Center Suite 743
Stewartside, AK 17037",,,bank_customers_without_schema,,,,,,,,,Savings,,,,,,,
098cbf04-35da-4c32-9391-67c097c5119c,Victoria,Chapman,Victoria Chapman,,christopher51@yahoo.com,(038)989-8131x94832,"10442 Welch Plaza
Matthewberg, AZ 01337",,,bank_customers_without_schema,,,,,,,,,Checking,,,,,,,
a2cb02ae-4e36-47cc-bd94-dbc25b37dc08,Heather,Schultz,Heather Schultz,,cbutler@pierce.info,690-651-5595,"748 Williams Rapid
Michelleborough, IN 13004",,,bank_customers_without_schema,,,,,,,,,Checking,,,,,,,
4865b23a-5c7f-48c6-acb5-023b35f2af31,Vincent,Moore,Vincent Moore,,warmstrong@hotmail.com,138.744.1464,"9599 Snow Pass Apt. 885
North Adammouth, UT 93287",,,bank_customers_without_schema,,,,,,,,,Checking,,,,,,,
c79a908e-dcb9-4f47-bebe-a151f1815743,Monique,Hahn,Monique Hahn,,bowmancarla@medina-jackson.info,001-906-869-2327x9440,"4068 Daniel Harbors Apt. 847
Cindystad, MN 92642",,,bank_customers_without_schema,,,,,,,,,Checking,,,,,,,
23f40fa6-25d8-4df9-ad90-ad1965d16952,William,Peterson,William Peterson,,ashley16@mason.com,2321303401,"PSC 7791, Box 1497
APO AE 94734",,,bank_customers_without_schema,,,,,,,,,Savings,,,,,,,
1e551667-10e3-49c5-abae-b2dd2b1d71a0,Mary,Wilcox,Mary Wilcox,,hwebb@wall.com,784.792.0124x895,"13852 Jeffrey Cape Suite 268
Connieville, AZ 04980",,,bank_customers_without_schema,,,,,,,,,Checking,,,,,,,
35e69dd1-e9d1-4c70-b774-a9a8c4a73436,Andrew,Nash,Andrew Nash,,bakerchristopher@yahoo.com,016.980.4460x7156,"357 Little Ford
Kaufmanton, NC 51195",,,bank_customers_without_schema,,,,,,,,,Savings,,,,,,,
19ce3c8b-f74a-4662-be9a-fee9f9bcbb83,David,Rodriguez,David Rodriguez,,michellelarson@chase-boone.com,(627)472-2632x940,"00318 Miller Pass Apt. 927
Andrewsborough, LA 26065",,,bank_customers_without_schema,,,,,,,,,Checking,,,,,,,
97765b11-0574-43c1-a394-f08ba7ba4ee9,Linda,Parker,Linda Parker,,preed@martinez.biz,001-070-135-9534x5433,"1553 Zachary Wall Suite 693
Kirkmouth, VT 26259",,,bank_customers_without_schema,,,,,,,,,Savings,,,,,,,
24d4ab12-f271-4667-af6f-b33664db0c21,Tracy,Carr,Tracy Carr,,michael51@buckley.info,+1-361-971-8934x002,"30765 Kristin Mount
New Rose, OR 67711",,,bank_customers_without_schema,,,,,,,,,Checking,,,,,,,
6c13c614-029d-4618-95f9-466da563716f,Jesse,Gonzales,Jesse Gonzales,,otaylor@wood.biz,453.150.8748,"7911 Chavez Roads Apt. 073
Nicholasside, DE 54311",,,bank_customers_without_schema,,,,,,,,,Checking,,,,,,,
49438f07-b12a-41f8-86db-83ec72b569f0,Christie,Tucker,Christie Tucker,,xjenkins@moreno-gonzalez.net,001-185-503-6545x839,"9143 Todd Mill
East Paul, MS 19570",,,bank_customers_without_schema,,,,,,,,,Savings,,,,,,,
56f3fc78-1b9a-4983-a849-5951c97a2b5e,Donald,Osborne,Donald Osborne,,gibbsjoshua@gmail.com,001-685-322-3693x17570,"00265 Zachary Road
Hudsonberg, HI 91877",,,bank_customers_without_schema,,,,,,,,,Savings,,,,,,,
7384885e-85d4-4d3d-9b5a-231ff795cf00,Danielle,Anderson,Danielle Anderson,,heather10@hotmail.com,642.760.5032x4280,"96663 Martinez Ridge
West Wendy, RI 16909",,,bank_customers_without_schema,,,,,,,,,Savings,,,,,,,
e92793b6-17d3-4bcd-8490-380f62e96b5f,Joshua,Pena,Joshua Pena,,flowersamy@nunez.org,(438)111-3176x208,"51973 Jonathan Prairie Apt. 067
Deniseport, ID 25638",,,bank_customers_without_schema,,,,,,,,,Checking,,,,,,,
2f068901-4d0b-4a4f-8f2e-c63fc58524ee,Fred,Lam,Fred Lam,,bryantdonald@jackson-johnston.info,001-524-077-5261x04624,"21698 Samuel Ville Apt. 515
South Elizabethland, OH 55382",,,bank_customers_without_schema,,,,,,,,,Savings,,,,,,,
52f4a999-87a2-46f8-bd02-981978693859,Ryan,Mitchell,Ryan Mitchell,,torresbethany@jefferson-terry.com,470-116-9361x6110,"38271 Anne Crossing
Port Patriciafurt, MA 94168",,,bank_customers_without_schema,,,,,,,,,Savings,,,,,,,
9250a85f-1462-4b1c-81fc-c88cbdde28b0,Laura,Rogers,Laura Rogers,,ikennedy@sullivan-thomas.com,001-965-679-6674x431,"45048 Gutierrez Parkway Suite 967
Silvashire, NV 59258",,,bank_customers_without_schema,,,,,,,,,Checking,,,,,,,
04eb9351-936d-40f4-a0e2-c2d25138caf2,Timothy,Nichols,Timothy Nichols,,taylor79@price.com,(391)608-3693x130,"8892 Cody Unions Suite 146
New Michael, MN 86707",,,bank_customers_without_schema,,,,,,,,,Checking,,,,,,,
eae1c425-de44-4553-a85d-d0341b3598b5,Jeffrey,Gill,Jeffrey Gill,,nicholasthomas@gmail.com,+1-288-448-9843x66925,"706 Hill Junctions
South Steven, KS 93188",,,bank_customers_without_schema,,,,,,,,,Savings,,,,,,,
b346454e-194f-4604-be3c-c1b1b32df782,Jason,May,Jason May,,jonesmargaret@chapman.com,+1-388-004-0969x0584,"76230 Maddox Trace
Philipchester, SD 31286",,,bank_customers_without_schema,,,,,,,,,Savings,,,,,,,
88aaa6df-08d7-438b-b73d-45a27416538d,Donna,Crane,Donna Crane,,medinasara@gmail.com,151-731-8355x9006,"PSC 4533, Box 5050
APO AA 34201",,,bank_customers_without_schema,,,,,,,,,Savings,,,,,,,
047e815f-d2c0-4a72-aec8-d0d88bf6c4b5,Alicia,Reyes,Alicia Reyes,,bowmanjeffery@spencer.biz,001-410-739-7606,"29131 Timothy Fords Apt. 373
Lake Hannahmouth, KY 24489",,,bank_customers_without_schema,,,,,,,,,Savings,,,,,,,
998e6a80-2839-4d4c-aec2-97a06722e0e9,Roger,Sanders,Roger Sanders,,joneserin@gmail.com,+1-838-888-4907,"277 Allison Ridges Apt. 721
Castanedaport, NY 33537",,,bank_customers_without_schema,,,,,,,,,Checking,,,,,,,
e4ac43bb-6ec0-4009-bad8-5e2da70ab8e6,Brett,Martinez,Brett Martinez,,ngreen@gmail.com,+1-862-101-5964x49629,"120 Julie Course
Staceyberg, MN 20215",,,bank_customers_without_schema,,,,,,,,,Checking,,,,,,,
0dd4a96c-270b-4ac4-9b45-fbfe199932dc,Dave,Beck,Dave Beck,,ynichols@hotmail.com,(970)609-5001x8240,"USCGC Murray
FPO AP 40067",,,bank_customers_without_schema,,,,,,,,,Checking,,,,,,,
ee70a08a-8094-48dd-a4f9-66a2fbdc9fdc,Jesse,Coleman,Jesse Coleman,,simmonsjohn@gmail.com,7760473420,"712 Renee Flats
Deanchester, ID 79254",,,bank_customers_without_schema,,,,,,,,,Savings,,,,,,,
b549780d-7d24-46f2-aa92-158d1469e732,Nicholas,Fox,Nicholas Fox,,harrisheather@gmail.com,515.958.5789x41217,"79048 Jones Mountains Apt. 285
Kristinatown, ND 21122",,,bank_customers_without_schema,,,,,,,,,Checking,,,,,,,
f26a0804-2005-41b7-a160-0c271aae432f,James,Serrano,James Serrano,,wnewman@griffith.com,(598)899-1856x139,"122 Amy Lights
Stevensonmouth, PA 18582",,,bank_customers_without_schema,,,,,,,,,Checking,,,,,,,
e3a60421-23ba-4432-acc4-d1b88a1eaf46,Stephanie,Dixon,Stephanie Dixon,,bradley36@hotmail.com,751.086.3678x4341,"812 Gonzales Stravenue Suite 728
Michaelshire, NE 29181",,,bank_customers_without_schema,,,,,,,,,Checking,,,,,,,
1287dc39-7597-4aa3-8697-b48ad50ca202,Nathan,Cooper,Nathan Cooper,,dwelch@hotmail.com,459.022.8009,"143 Contreras Glens Suite 338
Kaylaville, UT 23846",,,bank_customers_without_schema,,,,,,,,,Checking,,,,,,,
360f3c5a-fd4f-4ffa-a884-070b6700f1dc,Jermaine,Lowe,Jermaine Lowe,,bmartin@gmail.com,001-140-448-8117,"625 Espinoza Camp
Port Kyletown, SC 57634",,,bank_customers_without_schema,,,,,,,,,Checking,,,,,,,
